{"cameraMode":{"drawMode":0,"name":"Shaded","section":"Shading Mode"},"sceneLighting":false,"audioPlay":false,"sceneViewState":{"showFog":true,"showMaterialUpdate":false,"showSkybox":false,"showFlares":true,"showImageEffects":true,"showParticleSystems":true},"in2DMode":false,"pivot":{"x":-0.00000286102294921875,"y":0.0,"z":0.00000286102294921875},"rotation":{"x":0.28314271569252016,"y":0.10618169605731964,"z":-0.031558554619550708,"w":0.9526599049568176},"size":75.5056381225586,"orthographic":true}